id,subject,kind,source_page,image_url,local_path,rights_status,permission_or_reuse_basis,credit_requirement,restrictions_or_expiry,owner_reviewed
ben-johns,Ben Johns,athlete,https://www.ppatour.com/athletes/ben-johns/,https://www.ppatour.com/ppa/pros/ben-johns.jpg,/assets/media/ben-johns.webp,not-documented,,,,NO
anna-leigh-waters,Anna Leigh Waters,athlete,https://www.ppatour.com/athletes/anna-leigh-waters/,https://www.ppatour.com/ppa/pros/anna-leigh-waters.jpg,/assets/media/anna-leigh-waters.webp,not-documented,,,,NO
federico-staksrud,Federico Staksrud,athlete,https://www.ppatour.com/athletes/federico-staksrud/,https://www.ppatour.com/ppa/pros/federico-staksrud.jpg,/assets/media/federico-staksrud.webp,not-documented,,,,NO
jw-johnson,JW Johnson,athlete,https://www.ppatour.com/athletes/jw-johnson/,https://www.ppatour.com/ppa/pros/jw-johnson.jpg,/assets/media/jw-johnson.webp,not-documented,,,,NO
catherine-parenteau,Catherine Parenteau,athlete,https://www.ppatour.com/athletes/catherine-parenteau/,https://www.ppatour.com/ppa/pros/catherine-parenteau.jpg,/assets/media/catherine-parenteau.webp,not-documented,,,,NO
anna-bright,Anna Bright,athlete,https://www.ppatour.com/athletes/anna-bright/,https://www.ppatour.com/ppa/pros/anna-bright.jpg,/assets/media/anna-bright.webp,not-documented,,,,NO
tyson-mcguffin,Tyson McGuffin,athlete,https://www.ppatour.com/athletes/tyson-mcguffin/,https://images.pickleball.com/profile-images/1782915293068/1692790860360.png,/assets/media/tyson-mcguffin.webp,not-documented,,,,NO
riley-newman,Riley Newman,athlete,https://www.ppatour.com/athletes/riley-newman/,https://www.ppatour.com/ppa/pros/riley-newman.jpg,/assets/media/riley-newman.webp,not-documented,,,,NO
james-ignatowich,James Ignatowich,athlete,https://www.ppatour.com/athletes/james-ignatowich/,https://images.pickleball.com/profile-images/1739214896862/PPA_MEDIADAY_JAMESIGNATOWICH-4.jpg,/assets/media/james-ignatowich.webp,not-documented,,,,NO
christian-alshon,Christian Alshon,athlete,https://www.ppatour.com/athletes/christian-alshon/,https://www.ppatour.com/ppa/pros/christian-alshon.jpg,/assets/media/christian-alshon.webp,not-documented,,,,NO
lea-jansen,Lea Jansen,athlete,https://www.ppatour.com/athletes/lea-jansen/,https://www.ppatour.com/ppa/pros/lea-jansen.jpg,/assets/media/lea-jansen.webp,not-documented,,,,NO
lucy-kovalova,Lucy Kovalova,athlete,https://www.ppatour.com/athletes/lucy-kovalova/,https://images.pickleball.com/profile-images/1782915600192/PPA_MEDIADAY_LUCY_KOVALOVA-35-removebg-preview(1).png,/assets/media/lucy-kovalova.webp,not-documented,,,,NO
gabriel-tardio,Gabriel Tardio,athlete,https://www.ppatour.com/athletes/gabriel-tardio/,https://images.pickleball.com/profile-images/1782411055134/GabeTardio-3-Edited.png,,not-documented,,,,NO
hayden-patriquin,Hayden Patriquin,athlete,https://www.ppatour.com/athletes/hayden-patriquin/,https://www.ppatour.com/ppa/heroes/hayden-patriquin.jpg,,not-documented,,,,NO
kate-fahey,Kate Fahey,athlete,https://www.ppatour.com/athletes/kate-fahey/,https://www.ppatour.com/ppa/heroes/kate-fahey.jpg,,not-documented,,,,NO
jorja-johnson,Jorja Johnson,athlete,https://www.ppatour.com/athletes/jorja-johnson/,https://www.ppatour.com/ppa/pros/jorja-johnson.jpg,,not-documented,,,,NO
hurricane-tyra-black,Hurricane Tyra Black,athlete,https://www.ppatour.com/athletes/hurricane-tyra-black/,https://images.pickleball.com/profile-images/1782772357519/TyraBlack-3-Edited.png,,not-documented,,,,NO
hunter-johnson,Hunter Johnson,athlete,https://www.ppatour.com/athletes/hunter-johnson/,https://www.ppatour.com/ppa/pros/hunter-johnson.jpg,,not-documented,,,,NO
rachel-rohrabacher,Rachel Rohrabacher,athlete,https://www.ppatour.com/athletes/rachel-rohrabacher/,https://www.ppatour.com/ppa/pros/rachel-rohrabacher.jpg,,not-documented,,,,NO
ella-oh,Ella Oh,athlete,https://ellaoh.com/press,https://ellaoh.com/assets/ella-hero.webp,,not-documented,,,,NO
franklin-c45,Franklin C45 Carbon Fiber Series,product,https://franklinsports.com/c45-carbon,https://www.ppatour.com/_next/image/?dpl=dpl_2RNmEEx1rNGHj2hdUZjWKyPbMW5K&q=75&url=%2Fppa%2Fpaddles%2Ffranklin-c45-hybrid.png&w=3840,/assets/media/franklin-c45.webp,not-documented,,,,NO
six-zero-dbd,Six Zero Double Black Diamond Control,product,https://www.sixzeropickleball.com/products/double-black-diamond,https://www.sixzeropickleball.com/cdn/shop/files/Double-Black-Diamond-Control-Six-Zero-417078833.png?v=1771375300&width=1080,/assets/media/six-zero-dbd.webp,not-documented,,,,NO
six-zero-ruby,Six Zero Ruby,product,https://www.sixzeropickleball.com/products/ruby,https://www.sixzeropickleball.com/cdn/shop/files/Ruby-Six-Zero-152745783_6c0f8641-6bfb-4cde-a761-5df8e3c6b6c6.png?v=1759968037&width=1080,,not-documented,,,,NO
crbn-1x,CRBN 1X Power Series,product,https://crbnpickleball.com/products/crbn-1x-power-series-pickleball-paddle,https://crbnpickleball.com/cdn/shop/files/CRBN_Power_1X_AlternativeMain.jpg?v=1771601486&width=1080,,not-documented,,,,NO
paddletek-tko-c,Paddletek Bantam TKO-C,product,https://www.paddletek.com/products/bantam-tko-c,https://www.paddletek.com/cdn/shop/files/Paddletek_Bantam_TKO-C_Ocean_12.7_Front.png?v=1770072518&width=1200,,not-documented,,,,NO
vatic-prism-flash,Vatic Pro PRISM Flash 16 mm,product,https://vaticpro.com/collections/prism,https://vaticpro.com/cdn/shop/files/DSC03090.jpg?v=1777835695&width=580,,not-documented,,,,NO
joola-perseus-pro-v,JOOLA Perseus Pro V 16 mm,product,https://joola.com/products/joola-perseus-pro-v-pickleball-paddle-1,https://www.ppatour.com/ppa/paddles/joola-perseus-pro-v-ben-johns-16mm.png,,not-documented,,,,NO
selkirk-boomstik,Selkirk LABS Project Boomstik,product,https://www.selkirk.com/products/selkirk-labs-project-boomstik,https://www.selkirk.com/cdn/shop/files/Selkirk-LABS-Boomstik-Pickleball-Paddle-Canyon-Court-Elongated-PDP-02-1.png?v=1782341703&width=300,,not-documented,,,,NO
volair-mach-2-forza,Volair Mach 2 Forza 16 mm,product,https://volair.com/products/mach-2-forza-pickleball-paddle,https://volair.com/cdn/shop/files/Mach2Forza_16mm_WHITEBGv3_RE_new_new2new3.png?v=1771306875&width=1080,,not-documented,,,,NO
gearbox-pro-ultimate,Gearbox Pro Ultimate Elongated 16 mm,product,https://gearboxsports.com/products/pro-ultimate-elongated,https://gearboxsports.com/cdn/shop/files/1PROEPU1-1_Gearbox_Pro_Elongated_Ultimate-1.jpg?v=1776058264&width=1946,,not-documented,,,,NO
franklin-x40,Franklin X-40 Outdoor,product,https://franklinsports.com/x-40-outdoor-pickleball-packs,,/assets/media/franklin-x40.webp,not-documented,,,,NO
selkirk-pro-s1,Selkirk Pro S1,product,https://www.selkirk.com/products/pro-s1-pickleballs,https://www.selkirk.com/cdn/shop/files/Selkrik31288.png?v=1699298946&width=300,,not-documented,,,,NO
joola-primo,JOOLA Primo,product,https://joola.com/products/primo-pickleball-balls,https://joola.com/cdn/shop/files/Primo-Pickleball-Ball-Web-Main-01-1.png?v=1788356459&width=450,,not-documented,,,,NO
gamma-chuck,GAMMA CHUCK Outdoor,product,https://gammasports.com/products/chuck-outdoor-pickleballs,https://gammasports.com/cdn/shop/products/chuck-outdoor-pickleballs-chuck12-755670.jpg?v=1758567974&width=700,,not-documented,,,,NO
asics-gel-renma-2,ASICS GEL-RENMA 2,product,https://www.asics.com/us/en-us/gel-renma-2/p/ANA_1072A126-500.html,https://images.asics.com/is/image/asics/1072A126_500_SL_LT_GLB?%24sfcc-product%24=,,not-documented,,,,NO
wilson-pickle-pro,Wilson Pickle Pro,product,https://www.wilson.com/en-us/product/pickle-pro-wrs00753,,/assets/media/wilson-pickle-pro.webp,not-documented,,,,NO
babolat-jet-mach-3,Babolat Jet Mach 3,product,https://www.babolat.com/us/news-articles-blog-jet-mach-3/jet-mach-3.html,https://media.babolat.com/image/upload/v1623932381/Website_content/Tennis_news/jet-mach-3/men-shoes-centered.png,,not-documented,,,,NO
skechers-viper-court-pro-2,Skechers Viper Court Pro 2.0,product,https://www.skechers.com/skechers-viper-court-pro-2.0---pickleball/246109_NVY.html,https://images.skechers.com/image;format=auto/246109_NVY_HERO_LG,,not-documented,,,,NO
selkirk-7-inch-shorts,Selkirk Essentials 2.0 Performance Shorts,product,https://www.selkirk.com/products/mens-essentials-2-0-7-inch-performance-shorts,https://www.selkirk.com/cdn/shop/files/Canyon-Court-Pickleball-Apparel-Mens-7-Inch-Shorts-Rust.png?v=1781554603&width=300,,not-documented,,,,NO
selkirk-sportwik-tank,Selkirk Essentials 2.0 Sport-Wik Tank,product,https://www.selkirk.com/products/womens-essentials-2-0-sport-wik-tank,https://www.selkirk.com/cdn/shop/files/Canyon-Court-Pickleball-Apparel-Womens-Tank-Top-Blue.png?v=1781552836&width=300,,not-documented,,,,NO
joola-club-polo,JOOLA Men’s Club Printed Polo,product,https://joola.com/collections/joola-pickleball-apparel/products/mens-club-printed-polo,https://joola.com/cdn/shop/files/2025-MensClubPrintedPoloSerpCharcoalGray-01.jpg?v=1788364124&width=700,,not-documented,,,,NO
joola-club-short-sleeve,JOOLA Women’s Club Short Sleeve,product,https://joola.com/collections/joola-pickleball-apparel/products/womens-club-short-sleeve-fall,https://joola.com/cdn/shop/files/WomensClubSS-DustyMauveHtr-01.jpg?v=1788362523&width=700,,not-documented,,,,NO
joola-club-skort,JOOLA Women’s Club Skort,product,https://joola.com/collections/joola-pickleball-apparel/products/womens-club-skort-1,https://joola.com/cdn/shop/files/2025-WomensClubSkort-Navy-01.jpg?v=1788364177&width=700,,not-documented,,,,NO
tourna-mega-tac,Tourna Pickleball Mega Tac,product,https://www.tourna.com/products/pickleball-mega-tac-black,https://www.tourna.com/cdn/shop/files/P-MT-BK.jpg?v=1752175340&width=416,/assets/media/tourna-mega-tac.webp,not-documented,,,,NO
selkirk-core-team-bag,Selkirk Core Line Team Bag,product,https://www.selkirk.com/products/core-team-bag,https://www.selkirk.com/cdn/shop/files/selkirk-pickleball-bag-backpack-team-black-1.jpg?v=1733850908&width=300,,not-documented,,,,NO
crbn-pivot-glasses,CRBN Pivot Pickleball Glasses,product,https://crbnpickleball.com/products/best-pickleball-glasses,https://crbnpickleball.com/cdn/shop/files/CRBN_SecondaryImages_PivotPbGlasses_01_Main_1.jpg?v=1753391663&width=1080,,not-documented,,,,NO
crbn-eraser,CRBN Paddle Eraser,product,https://crbnpickleball.com/products/crbn-pickleball-paddle-cleaner-eraser,https://crbnpickleball.com/cdn/shop/files/CRBN_ProductImages_Eraser_02_withBox_Black.jpg?v=1782742842&width=1080,,not-documented,,,,NO
gearbox-vision,Gearbox Vision Eyewear,product,https://gearboxsports.com/products/gearbox-vision-eyewear-black-frame,https://gearboxsports.com/cdn/shop/products/vision-clear_1-min.jpg?v=1677555899&width=1946,,not-documented,,,,NO
