old_path,decision,destination,review_note
/,404 / NOT REPUBLISHED,,Review this retirement before production; recovery data in legacy/
/404.html,404 / NOT REPUBLISHED,,Review this retirement before production; recovery data in legacy/
/410.html,404 / NOT REPUBLISHED,,Review this retirement before production; recovery data in legacy/
/assets/vision-rating/sample-report-v0.2.3-en.html,404 / NOT REPUBLISHED,,Review this retirement before production; recovery data in legacy/
/assets/vision-rating/sample-report-v0.2.3-ko.html,404 / NOT REPUBLISHED,,Review this retirement before production; recovery data in legacy/
/assets/vision-rating/sample-report-v0.2.4-en.html,404 / NOT REPUBLISHED,,Review this retirement before production; recovery data in legacy/
/assets/vision-rating/sample-report-v0.2.4-ko.html,404 / NOT REPUBLISHED,,Review this retirement before production; recovery data in legacy/
/clip-lite/,302,/ko/tools/review/,"Legacy application retained in source, not published"
/clip-lite/en/,302,/en/tools/review/,"Legacy application retained in source, not published"
/clip-lite/third-party-notices.html,404 / NOT REPUBLISHED,,Review this retirement before production; recovery data in legacy/
/en/,REBUILT,/en/,New source-led page
/en/about/,REBUILT,/en/about/,New source-led page
/en/advertising-disclosure/,301,/en/editorial-policy/,Equivalent revised page
/en/author/,404 / NOT REPUBLISHED,,Review this retirement before production; recovery data in legacy/
/en/backhand-resets-why-they-are-hard/,404 / NOT REPUBLISHED,,Review this retirement before production; recovery data in legacy/
/en/blogs/,404 / NOT REPUBLISHED,,Review this retirement before production; recovery data in legacy/
/en/boards/,404 / NOT REPUBLISHED,,Review this retirement before production; recovery data in legacy/
/en/boards/coaches/,404 / NOT REPUBLISHED,,Review this retirement before production; recovery data in legacy/
/en/boards/dupr-faq/,404 / NOT REPUBLISHED,,Review this retirement before production; recovery data in legacy/
/en/boards/friends/,404 / NOT REPUBLISHED,,Review this retirement before production; recovery data in legacy/
/en/boards/partners/,404 / NOT REPUBLISHED,,Review this retirement before production; recovery data in legacy/
/en/boards/qna/,404 / NOT REPUBLISHED,,Review this retirement before production; recovery data in legacy/
/en/boards/skill-review/,404 / NOT REPUBLISHED,,Review this retirement before production; recovery data in legacy/
/en/boards/tournaments/,404 / NOT REPUBLISHED,,Review this retirement before production; recovery data in legacy/
/en/building-a-starter-kit-on-a-budget/,404 / NOT REPUBLISHED,,Review this retirement before production; recovery data in legacy/
/en/categories/,404 / NOT REPUBLISHED,,Review this retirement before production; recovery data in legacy/
/en/category/paddles-and-gear/,404 / NOT REPUBLISHED,,Review this retirement before production; recovery data in legacy/
/en/category/players-and-global-scene/,404 / NOT REPUBLISHED,,Review this retirement before production; recovery data in legacy/
/en/category/rules-and-getting-started/,404 / NOT REPUBLISHED,,Review this retirement before production; recovery data in legacy/
/en/category/skills-and-drills/,404 / NOT REPUBLISHED,,Review this retirement before production; recovery data in legacy/
/en/category/tournaments-and-leagues/,404 / NOT REPUBLISHED,,Review this retirement before production; recovery data in legacy/
/en/choosing-a-pickleball-paddle-for-3-5-players/,404 / NOT REPUBLISHED,,Review this retirement before production; recovery data in legacy/
/en/clip-lite/,302,/en/tools/review/,Temporary public-feature reduction; worksheet is not an MP4 editor or AI rating
/en/columns/,404 / NOT REPUBLISHED,,Review this retirement before production; recovery data in legacy/
/en/columns/before-you-obsess-over-your-dupr-number/,404 / NOT REPUBLISHED,,Review this retirement before production; recovery data in legacy/
/en/columns/common-traps-when-buying-your-first-paddle/,404 / NOT REPUBLISHED,,Review this retirement before production; recovery data in legacy/
/en/columns/the-questions-new-players-ask-most/,404 / NOT REPUBLISHED,,Review this retirement before production; recovery data in legacy/
/en/community-guidelines/,404 / NOT REPUBLISHED,,Review this retirement before production; recovery data in legacy/
/en/contact/,REBUILT,/en/contact/,New source-led page
/en/control-vs-power-pickleball-paddles/,404 / NOT REPUBLISHED,,Review this retirement before production; recovery data in legacy/
/en/cookie-policy/,301,/en/privacy/,Equivalent revised page
/en/corrections-policy/,301,/en/corrections/,Equivalent revised page
/en/court-etiquette-and-open-play/,404 / NOT REPUBLISHED,,Review this retirement before production; recovery data in legacy/
/en/dinking-fundamentals/,404 / NOT REPUBLISHED,,Review this retirement before production; recovery data in legacy/
/en/disclaimer/,404 / NOT REPUBLISHED,,Review this retirement before production; recovery data in legacy/
/en/doubles-positioning-basics/,404 / NOT REPUBLISHED,,Review this retirement before production; recovery data in legacy/
/en/dupr-self-check/,301,/en/tools/self-check/,Equivalent revised page
/en/editorial-policy/,REBUILT,/en/editorial-policy/,New source-led page
/en/first-30-days-practice-routine/,404 / NOT REPUBLISHED,,Review this retirement before production; recovery data in legacy/
/en/gear/,REBUILT,/en/gear/,New source-led page
/en/gear/accessories/,REBUILT,/en/gear/accessories/,New source-led page
/en/gear/apparel/,REBUILT,/en/gear/apparel/,New source-led page
/en/gear/balls/,REBUILT,/en/gear/balls/,New source-led page
/en/gear/shoes/,REBUILT,/en/gear/shoes/,New source-led page
/en/highlights/,404 / NOT REPUBLISHED,,Review this retirement before production; recovery data in legacy/
/en/how-a-pickleball-tournament-works/,404 / NOT REPUBLISHED,,Review this retirement before production; recovery data in legacy/
/en/how-to-choose-a-pickleball-coach-for-your-level/,404 / NOT REPUBLISHED,,Review this retirement before production; recovery data in legacy/
/en/how-to-choose-your-first-pickleball-paddle/,404 / NOT REPUBLISHED,,Review this retirement before production; recovery data in legacy/
/en/how-to-find-pickleball-friends-after-moving-to-a-new-city/,404 / NOT REPUBLISHED,,Review this retirement before production; recovery data in legacy/
/en/how-to-follow-the-global-pickleball-scene/,404 / NOT REPUBLISHED,,Review this retirement before production; recovery data in legacy/
/en/how-to-move-from-25-to-30-in-pickleball/,404 / NOT REPUBLISHED,,Review this retirement before production; recovery data in legacy/
/en/how-to-play-pickleball-while-traveling-for-work-or-vacation/,404 / NOT REPUBLISHED,,Review this retirement before production; recovery data in legacy/
/en/how-to-self-rate-your-pickleball-level/,404 / NOT REPUBLISHED,,Review this retirement before production; recovery data in legacy/
/en/how-to-stop-missing-first-in-dink-rallies/,404 / NOT REPUBLISHED,,Review this retirement before production; recovery data in legacy/
/en/how-to-use-dupr-without-overreacting-to-one-number/,404 / NOT REPUBLISHED,,Review this retirement before production; recovery data in legacy/
/en/level/,404 / NOT REPUBLISHED,,Review this retirement before production; recovery data in legacy/
/en/level/2-0/,404 / NOT REPUBLISHED,,Review this retirement before production; recovery data in legacy/
/en/level/2-5/,404 / NOT REPUBLISHED,,Review this retirement before production; recovery data in legacy/
/en/level/3-0/,404 / NOT REPUBLISHED,,Review this retirement before production; recovery data in legacy/
/en/level/3-5/,404 / NOT REPUBLISHED,,Review this retirement before production; recovery data in legacy/
/en/level/4-0/,404 / NOT REPUBLISHED,,Review this retirement before production; recovery data in legacy/
/en/level/4-5/,404 / NOT REPUBLISHED,,Review this retirement before production; recovery data in legacy/
/en/level/5-0/,404 / NOT REPUBLISHED,,Review this retirement before production; recovery data in legacy/
/en/official-dupr-vs-club-ratings/,404 / NOT REPUBLISHED,,Review this retirement before production; recovery data in legacy/
/en/paddle-face-materials-compared/,404 / NOT REPUBLISHED,,Review this retirement before production; recovery data in legacy/
/en/paddles/,301,/en/gear/paddles/,Equivalent revised page
/en/paddles/bread-and-butter-filth/,404 / NOT REPUBLISHED,,Review this retirement before production; recovery data in legacy/
/en/paddles/crbn-1x-power-series/,301,/en/gear/paddles/#crbn-1x,Same model/model family now on category page
/en/paddles/crbn-2x-power-series/,404 / NOT REPUBLISHED,,Review this retirement before production; recovery data in legacy/
/en/paddles/crbn-trufoam-genesis/,404 / NOT REPUBLISHED,,Review this retirement before production; recovery data in legacy/
/en/paddles/diadem-edge-18k/,404 / NOT REPUBLISHED,,Review this retirement before production; recovery data in legacy/
/en/paddles/diadem-warrior-edge/,404 / NOT REPUBLISHED,,Review this retirement before production; recovery data in legacy/
/en/paddles/engage-pursuit-pro1/,404 / NOT REPUBLISHED,,Review this retirement before production; recovery data in legacy/
/en/paddles/facolos-elite-x-v2/,404 / NOT REPUBLISHED,,Review this retirement before production; recovery data in legacy/
/en/paddles/franklin-c45-aurelius/,404 / NOT REPUBLISHED,,Review this retirement before production; recovery data in legacy/
/en/paddles/franklin-c45-hayden/,404 / NOT REPUBLISHED,,Review this retirement before production; recovery data in legacy/
/en/paddles/franklin-c45/,301,/en/gear/paddles/#franklin-c45,Same model/model family now on category page
/en/paddles/friday-fever-102/,404 / NOT REPUBLISHED,,Review this retirement before production; recovery data in legacy/
/en/paddles/friday-original/,404 / NOT REPUBLISHED,,Review this retirement before production; recovery data in legacy/
/en/paddles/gearbox-cx14/,404 / NOT REPUBLISHED,,Review this retirement before production; recovery data in legacy/
/en/paddles/gearbox-pro-power-elongated/,301,/en/gear/paddles/#gearbox-pro-ultimate,Same model/model family now on category page
/en/paddles/head-radical-tour/,404 / NOT REPUBLISHED,,Review this retirement before production; recovery data in legacy/
/en/paddles/hit-hand-cannon/,404 / NOT REPUBLISHED,,Review this retirement before production; recovery data in legacy/
/en/paddles/joola-agassi-pro-v/,404 / NOT REPUBLISHED,,Review this retirement before production; recovery data in legacy/
/en/paddles/joola-ben-johns-perseus/,404 / NOT REPUBLISHED,,Review this retirement before production; recovery data in legacy/
/en/paddles/joola-kosmos-pro-v/,404 / NOT REPUBLISHED,,Review this retirement before production; recovery data in legacy/
/en/paddles/joola-perseus-pro-v/,301,/en/gear/paddles/#joola-perseus-pro-v,Same model/model family now on category page
/en/paddles/joola-scorpeus-pro-v/,404 / NOT REPUBLISHED,,Review this retirement before production; recovery data in legacy/
/en/paddles/joola-scorpeus/,404 / NOT REPUBLISHED,,Review this retirement before production; recovery data in legacy/
/en/paddles/onix-evoke-premier/,404 / NOT REPUBLISHED,,Review this retirement before production; recovery data in legacy/
/en/paddles/paddletek-bantam-tko-c/,301,/en/gear/paddles/#paddletek-tko-c,Same model/model family now on category page
/en/paddles/paddletek-bantam-tko-cx/,404 / NOT REPUBLISHED,,Review this retirement before production; recovery data in legacy/
/en/paddles/paddletek-tempest-wave-pro/,404 / NOT REPUBLISHED,,Review this retirement before production; recovery data in legacy/
/en/paddles/pikkl-hurricane-pro/,404 / NOT REPUBLISHED,,Review this retirement before production; recovery data in legacy/
/en/paddles/prokennex-black-ace-pro/,404 / NOT REPUBLISHED,,Review this retirement before production; recovery data in legacy/
/en/paddles/proxr-riley-newman-pro/,404 / NOT REPUBLISHED,,Review this retirement before production; recovery data in legacy/
/en/paddles/rpm-friction-pro-v2/,404 / NOT REPUBLISHED,,Review this retirement before production; recovery data in legacy/
/en/paddles/selkirk-luxx-control-air/,404 / NOT REPUBLISHED,,Review this retirement before production; recovery data in legacy/
/en/paddles/selkirk-omni/,404 / NOT REPUBLISHED,,Review this retirement before production; recovery data in legacy/
/en/paddles/selkirk-power-air/,404 / NOT REPUBLISHED,,Review this retirement before production; recovery data in legacy/
/en/paddles/selkirk-project-boomstik/,301,/en/gear/paddles/#selkirk-boomstik,Same model/model family now on category page
/en/paddles/six-zero-double-black-diamond-control/,301,/en/gear/paddles/#six-zero-dbd,Same model/model family now on category page
/en/paddles/six-zero-ruby/,301,/en/gear/paddles/#six-zero-ruby,Same model/model family now on category page
/en/paddles/updates/,404 / NOT REPUBLISHED,,Review this retirement before production; recovery data in legacy/
/en/paddles/vatic-pro-prism-flash/,301,/en/gear/paddles/#vatic-prism-flash,Same model/model family now on category page
/en/paddles/vatic-pro-saga/,404 / NOT REPUBLISHED,,Review this retirement before production; recovery data in legacy/
/en/paddles/volair-mach-2-forza/,301,/en/gear/paddles/#volair-mach-2-forza,Same model/model family now on category page
/en/pickleball-3-0-to-3-5-improvement-plan/,404 / NOT REPUBLISHED,,Review this retirement before production; recovery data in legacy/
/en/pickleball-3-5-to-4-0-habits-to-fix/,404 / NOT REPUBLISHED,,Review this retirement before production; recovery data in legacy/
/en/pickleball-30-vs-35-what-actually-changes/,404 / NOT REPUBLISHED,,Review this retirement before production; recovery data in legacy/
/en/pickleball-complete-beginner-guide/,301,/en/learn/first-session-plan/,Equivalent revised page
/en/pickleball-paddles-for-tennis-players/,404 / NOT REPUBLISHED,,Review this retirement before production; recovery data in legacy/
/en/pickleball-rules-at-a-glance/,404 / NOT REPUBLISHED,,Review this retirement before production; recovery data in legacy/
/en/players/,301,/en/tour/players/,Equivalent revised page
/en/players/anna-bright/,301,/en/tour/players/#anna-bright,Same named player in the revised directory
/en/players/anna-leigh-waters/,301,/en/tour/players/#anna-leigh-waters,Same named player in the revised directory
/en/players/ben-johns/,301,/en/tour/players/#ben-johns,Same named player in the revised directory
/en/players/catherine-parenteau/,301,/en/tour/players/#catherine-parenteau,Same named player in the revised directory
/en/players/christian-alshon/,301,/en/tour/players/#christian-alshon,Same named player in the revised directory
/en/players/ella-oh/,301,/en/tour/players/#ella-oh,Same named player in the revised directory
/en/players/federico-staksrud/,301,/en/tour/players/#federico-staksrud,Same named player in the revised directory
/en/players/gabriel-tardio/,301,/en/tour/players/#gabriel-tardio,Same named player in the revised directory
/en/players/hayden-patriquin/,301,/en/tour/players/#hayden-patriquin,Same named player in the revised directory
/en/players/hunter-johnson/,301,/en/tour/players/#hunter-johnson,Same named player in the revised directory
/en/players/hurricane-tyra-black/,301,/en/tour/players/#hurricane-tyra-black,Same named player in the revised directory
/en/players/james-ignatowich/,301,/en/tour/players/#james-ignatowich,Same named player in the revised directory
/en/players/jorja-johnson/,301,/en/tour/players/#jorja-johnson,Same named player in the revised directory
/en/players/jw-johnson/,301,/en/tour/players/#jw-johnson,Same named player in the revised directory
/en/players/kate-fahey/,301,/en/tour/players/#kate-fahey,Same named player in the revised directory
/en/players/lea-jansen/,301,/en/tour/players/#lea-jansen,Same named player in the revised directory
/en/players/lucy-kovalova/,301,/en/tour/players/#lucy-kovalova,Same named player in the revised directory
/en/players/rachel-rohrabacher/,301,/en/tour/players/#rachel-rohrabacher,Same named player in the revised directory
/en/players/riley-newman/,301,/en/tour/players/#riley-newman,Same named player in the revised directory
/en/players/tyson-mcguffin/,301,/en/tour/players/#tyson-mcguffin,Same named player in the revised directory
/en/privacy/,REBUILT,/en/privacy/,New source-led page
/en/pro-scene/,301,/en/tour/,Equivalent revised page
/en/pro-scene/players/,301,/en/tour/players/,Equivalent revised page
/en/pro-scene/rankings/,301,/en/tour/rankings/,Equivalent revised page
/en/pro-scene/rankings/men-doubles/,301,/en/tour/rankings/#md,Replaced unsupported values; provider now explicitly labeled
/en/pro-scene/rankings/men-singles/,301,/en/tour/rankings/#ms,Replaced unsupported values; provider now explicitly labeled
/en/pro-scene/rankings/mixed-doubles/,301,/en/tour/rankings/#xd,Replaced unsupported values; provider now explicitly labeled
/en/pro-scene/rankings/women-doubles/,301,/en/tour/rankings/#wd,Replaced unsupported values; provider now explicitly labeled
/en/pro-scene/rankings/women-singles/,301,/en/tour/rankings/#ws,Replaced unsupported values; provider now explicitly labeled
/en/pro-scene/results/,301,/en/tour/results/,Equivalent revised page
/en/pro-scene/rules/,404 / NOT REPUBLISHED,,Review this retirement before production; recovery data in legacy/
/en/pro-scene/storylines/,404 / NOT REPUBLISHED,,Review this retirement before production; recovery data in legacy/
/en/serve-and-return-basics/,404 / NOT REPUBLISHED,,Review this retirement before production; recovery data in legacy/
/en/sitemap/,REBUILT,/en/sitemap/,New source-led page
/en/terms/,REBUILT,/en/terms/,New source-led page
/en/the-brief/,404 / NOT REPUBLISHED,,Review this retirement before production; recovery data in legacy/
/en/the-kitchen-non-volley-zone-explained/,404 / NOT REPUBLISHED,,Review this retirement before production; recovery data in legacy/
/en/the-third-shot-drop-explained/,404 / NOT REPUBLISHED,,Review this retirement before production; recovery data in legacy/
/en/third-shot-drop-or-drive-how-to-choose/,404 / NOT REPUBLISHED,,Review this retirement before production; recovery data in legacy/
/en/tools/paddle-finder/,404 / NOT REPUBLISHED,,Review this retirement before production; recovery data in legacy/
/en/tournaments/,301,/en/tour/schedule/,Equivalent revised page
/en/tournaments/carvana-mesa-cup-2026/,404 / NOT REPUBLISHED,,Review this retirement before production; recovery data in legacy/
/en/tournaments/international/,404 / NOT REPUBLISHED,,Review this retirement before production; recovery data in legacy/
/en/tournaments/macon-ppa-challenger-2026/,404 / NOT REPUBLISHED,,Review this retirement before production; recovery data in legacy/
/en/tournaments/mlp-chicago-2026/,404 / NOT REPUBLISHED,,Review this retirement before production; recovery data in legacy/
/en/tournaments/mlp-finals-new-york-city-2026/,301,/en/tour/results/mlp-finals-2026/,"Same named tournament, newly checked result"
/en/tournaments/mlp-mid-season-grand-rapids-2026/,404 / NOT REPUBLISHED,,Review this retirement before production; recovery data in legacy/
/en/tournaments/mlp-nations-cup-dallas-2026/,404 / NOT REPUBLISHED,,Review this retirement before production; recovery data in legacy/
/en/tournaments/mlp-newport-beach-2026/,404 / NOT REPUBLISHED,,Review this retirement before production; recovery data in legacy/
/en/tournaments/mlp-orlando-2026/,404 / NOT REPUBLISHED,,Review this retirement before production; recovery data in legacy/
/en/tournaments/mlp-playoffs-dallas-2026/,404 / NOT REPUBLISHED,,Review this retirement before production; recovery data in legacy/
/en/tournaments/mlp-san-diego-2026/,404 / NOT REPUBLISHED,,Review this retirement before production; recovery data in legacy/
/en/tournaments/mlp/,404 / NOT REPUBLISHED,,Review this retirement before production; recovery data in legacy/
/en/tournaments/ppa-arizona-open-2026/,301,/en/tour/results/arizona-2026/,"Same named tournament, newly checked result"
/en/tournaments/ppa-asia-kuala-lumpur-cup-2026/,301,/en/tour/results/kuala-lumpur-2026/,"Same named tournament, newly checked result"
/en/tournaments/ppa-asia-shenzhen-open-2026/,404 / NOT REPUBLISHED,,Review this retirement before production; recovery data in legacy/
/en/tournaments/ppa-asia-singapore-open-2026/,404 / NOT REPUBLISHED,,Review this retirement before production; recovery data in legacy/
/en/tournaments/ppa-australia-melbourne-2026/,404 / NOT REPUBLISHED,,Review this retirement before production; recovery data in legacy/
/en/tournaments/ppa-finals-2026/,404 / NOT REPUBLISHED,,Review this retirement before production; recovery data in legacy/
/en/tournaments/ppa-indoor-national-championships-2026/,404 / NOT REPUBLISHED,,Review this retirement before production; recovery data in legacy/
/en/tournaments/ppa-italy-portoroz-2026/,404 / NOT REPUBLISHED,,Review this retirement before production; recovery data in legacy/
/en/tournaments/ppa-nationals-cary-2026/,404 / NOT REPUBLISHED,,Review this retirement before production; recovery data in legacy/
/en/tournaments/ppa/,404 / NOT REPUBLISHED,,Review this retirement before production; recovery data in legacy/
/en/tournaments/results/,301,/en/tour/results/,Equivalent revised page
/en/tournaments/us/,404 / NOT REPUBLISHED,,Review this retirement before production; recovery data in legacy/
/en/tournaments/veolia-atlanta-2026/,404 / NOT REPUBLISHED,,Review this retirement before production; recovery data in legacy/
/en/tournaments/zimmer-biomet-cape-coral-open-2026/,404 / NOT REPUBLISHED,,Review this retirement before production; recovery data in legacy/
/en/updates/,404 / NOT REPUBLISHED,,Review this retirement before production; recovery data in legacy/
/en/updates/news/,404 / NOT REPUBLISHED,,Review this retirement before production; recovery data in legacy/
/en/updates/players/,404 / NOT REPUBLISHED,,Review this retirement before production; recovery data in legacy/
/en/updates/rules/,404 / NOT REPUBLISHED,,Review this retirement before production; recovery data in legacy/
/en/vision-rating/,302,/en/tools/review/,Temporary public-feature reduction; worksheet is not an MP4 editor or AI rating
/en/what-does-a-dupr-2-5-player-look-like/,404 / NOT REPUBLISHED,,Review this retirement before production; recovery data in legacy/
/en/what-does-a-dupr-3-0-player-look-like/,404 / NOT REPUBLISHED,,Review this retirement before production; recovery data in legacy/
/en/what-is-dupr/,404 / NOT REPUBLISHED,,Review this retirement before production; recovery data in legacy/
/en/what-to-know-before-buying-an-expensive-pickleball-paddle/,404 / NOT REPUBLISHED,,Review this retirement before production; recovery data in legacy/
/en/who-takes-the-middle-ball-in-doubles-pickleball/,404 / NOT REPUBLISHED,,Review this retirement before production; recovery data in legacy/
/en/why-court-shoes-matter/,404 / NOT REPUBLISHED,,Review this retirement before production; recovery data in legacy/
/en/why-your-dupr-is-lower-than-expected/,404 / NOT REPUBLISHED,,Review this retirement before production; recovery data in legacy/
/ko/,REBUILT,/ko/,New source-led page
/ko/about/,REBUILT,/ko/about/,New source-led page
/ko/advertising-disclosure/,301,/ko/editorial-policy/,Equivalent revised page
/ko/author/,404 / NOT REPUBLISHED,,Review this retirement before production; recovery data in legacy/
/ko/backhand-resets-why-they-are-hard/,404 / NOT REPUBLISHED,,Review this retirement before production; recovery data in legacy/
/ko/blogs/,404 / NOT REPUBLISHED,,Review this retirement before production; recovery data in legacy/
/ko/boards/,404 / NOT REPUBLISHED,,Review this retirement before production; recovery data in legacy/
/ko/boards/coaches/,404 / NOT REPUBLISHED,,Review this retirement before production; recovery data in legacy/
/ko/boards/dupr-faq/,404 / NOT REPUBLISHED,,Review this retirement before production; recovery data in legacy/
/ko/boards/friends/,404 / NOT REPUBLISHED,,Review this retirement before production; recovery data in legacy/
/ko/boards/partners/,404 / NOT REPUBLISHED,,Review this retirement before production; recovery data in legacy/
/ko/boards/qna/,404 / NOT REPUBLISHED,,Review this retirement before production; recovery data in legacy/
/ko/boards/skill-review/,404 / NOT REPUBLISHED,,Review this retirement before production; recovery data in legacy/
/ko/boards/tournaments/,404 / NOT REPUBLISHED,,Review this retirement before production; recovery data in legacy/
/ko/building-a-starter-kit-on-a-budget/,404 / NOT REPUBLISHED,,Review this retirement before production; recovery data in legacy/
/ko/categories/,404 / NOT REPUBLISHED,,Review this retirement before production; recovery data in legacy/
/ko/category/paddles-and-gear/,404 / NOT REPUBLISHED,,Review this retirement before production; recovery data in legacy/
/ko/category/players-and-global-scene/,404 / NOT REPUBLISHED,,Review this retirement before production; recovery data in legacy/
/ko/category/rules-and-getting-started/,404 / NOT REPUBLISHED,,Review this retirement before production; recovery data in legacy/
/ko/category/skills-and-drills/,404 / NOT REPUBLISHED,,Review this retirement before production; recovery data in legacy/
/ko/category/tournaments-and-leagues/,404 / NOT REPUBLISHED,,Review this retirement before production; recovery data in legacy/
/ko/choosing-a-pickleball-paddle-for-3-5-players/,404 / NOT REPUBLISHED,,Review this retirement before production; recovery data in legacy/
/ko/clip-lite/,302,/ko/tools/review/,Temporary public-feature reduction; worksheet is not an MP4 editor or AI rating
/ko/columns/,404 / NOT REPUBLISHED,,Review this retirement before production; recovery data in legacy/
/ko/columns/before-you-obsess-over-your-dupr-number/,404 / NOT REPUBLISHED,,Review this retirement before production; recovery data in legacy/
/ko/columns/common-traps-when-buying-your-first-paddle/,404 / NOT REPUBLISHED,,Review this retirement before production; recovery data in legacy/
/ko/columns/the-questions-new-players-ask-most/,404 / NOT REPUBLISHED,,Review this retirement before production; recovery data in legacy/
/ko/community-guidelines/,404 / NOT REPUBLISHED,,Review this retirement before production; recovery data in legacy/
/ko/contact/,REBUILT,/ko/contact/,New source-led page
/ko/control-vs-power-pickleball-paddles/,404 / NOT REPUBLISHED,,Review this retirement before production; recovery data in legacy/
/ko/cookie-policy/,301,/ko/privacy/,Equivalent revised page
/ko/corrections-policy/,301,/ko/corrections/,Equivalent revised page
/ko/court-etiquette-and-open-play/,404 / NOT REPUBLISHED,,Review this retirement before production; recovery data in legacy/
/ko/dinking-fundamentals/,404 / NOT REPUBLISHED,,Review this retirement before production; recovery data in legacy/
/ko/disclaimer/,404 / NOT REPUBLISHED,,Review this retirement before production; recovery data in legacy/
/ko/doubles-positioning-basics/,404 / NOT REPUBLISHED,,Review this retirement before production; recovery data in legacy/
/ko/dupr-self-check/,301,/ko/tools/self-check/,Equivalent revised page
/ko/editorial-policy/,REBUILT,/ko/editorial-policy/,New source-led page
/ko/first-30-days-practice-routine/,404 / NOT REPUBLISHED,,Review this retirement before production; recovery data in legacy/
/ko/gear/,REBUILT,/ko/gear/,New source-led page
/ko/gear/accessories/,REBUILT,/ko/gear/accessories/,New source-led page
/ko/gear/apparel/,REBUILT,/ko/gear/apparel/,New source-led page
/ko/gear/balls/,REBUILT,/ko/gear/balls/,New source-led page
/ko/gear/shoes/,REBUILT,/ko/gear/shoes/,New source-led page
/ko/highlights/,404 / NOT REPUBLISHED,,Review this retirement before production; recovery data in legacy/
/ko/how-a-pickleball-tournament-works/,404 / NOT REPUBLISHED,,Review this retirement before production; recovery data in legacy/
/ko/how-to-choose-a-pickleball-coach-for-your-level/,404 / NOT REPUBLISHED,,Review this retirement before production; recovery data in legacy/
/ko/how-to-choose-your-first-pickleball-paddle/,404 / NOT REPUBLISHED,,Review this retirement before production; recovery data in legacy/
/ko/how-to-find-pickleball-friends-after-moving-to-a-new-city/,404 / NOT REPUBLISHED,,Review this retirement before production; recovery data in legacy/
/ko/how-to-follow-the-global-pickleball-scene/,404 / NOT REPUBLISHED,,Review this retirement before production; recovery data in legacy/
/ko/how-to-move-from-25-to-30-in-pickleball/,404 / NOT REPUBLISHED,,Review this retirement before production; recovery data in legacy/
/ko/how-to-play-pickleball-while-traveling-for-work-or-vacation/,404 / NOT REPUBLISHED,,Review this retirement before production; recovery data in legacy/
/ko/how-to-self-rate-your-pickleball-level/,404 / NOT REPUBLISHED,,Review this retirement before production; recovery data in legacy/
/ko/how-to-stop-missing-first-in-dink-rallies/,404 / NOT REPUBLISHED,,Review this retirement before production; recovery data in legacy/
/ko/how-to-use-dupr-without-overreacting-to-one-number/,404 / NOT REPUBLISHED,,Review this retirement before production; recovery data in legacy/
/ko/level/,404 / NOT REPUBLISHED,,Review this retirement before production; recovery data in legacy/
/ko/level/2-0/,404 / NOT REPUBLISHED,,Review this retirement before production; recovery data in legacy/
/ko/level/2-5/,404 / NOT REPUBLISHED,,Review this retirement before production; recovery data in legacy/
/ko/level/3-0/,404 / NOT REPUBLISHED,,Review this retirement before production; recovery data in legacy/
/ko/level/3-5/,404 / NOT REPUBLISHED,,Review this retirement before production; recovery data in legacy/
/ko/level/4-0/,404 / NOT REPUBLISHED,,Review this retirement before production; recovery data in legacy/
/ko/level/4-5/,404 / NOT REPUBLISHED,,Review this retirement before production; recovery data in legacy/
/ko/level/5-0/,404 / NOT REPUBLISHED,,Review this retirement before production; recovery data in legacy/
/ko/official-dupr-vs-club-ratings/,404 / NOT REPUBLISHED,,Review this retirement before production; recovery data in legacy/
/ko/paddle-face-materials-compared/,404 / NOT REPUBLISHED,,Review this retirement before production; recovery data in legacy/
/ko/paddles/,301,/ko/gear/paddles/,Equivalent revised page
/ko/paddles/bread-and-butter-filth/,404 / NOT REPUBLISHED,,Review this retirement before production; recovery data in legacy/
/ko/paddles/crbn-1x-power-series/,301,/ko/gear/paddles/#crbn-1x,Same model/model family now on category page
/ko/paddles/crbn-2x-power-series/,404 / NOT REPUBLISHED,,Review this retirement before production; recovery data in legacy/
/ko/paddles/crbn-trufoam-genesis/,404 / NOT REPUBLISHED,,Review this retirement before production; recovery data in legacy/
/ko/paddles/diadem-edge-18k/,404 / NOT REPUBLISHED,,Review this retirement before production; recovery data in legacy/
/ko/paddles/diadem-warrior-edge/,404 / NOT REPUBLISHED,,Review this retirement before production; recovery data in legacy/
/ko/paddles/engage-pursuit-pro1/,404 / NOT REPUBLISHED,,Review this retirement before production; recovery data in legacy/
/ko/paddles/facolos-elite-x-v2/,404 / NOT REPUBLISHED,,Review this retirement before production; recovery data in legacy/
/ko/paddles/franklin-c45-aurelius/,404 / NOT REPUBLISHED,,Review this retirement before production; recovery data in legacy/
/ko/paddles/franklin-c45-hayden/,404 / NOT REPUBLISHED,,Review this retirement before production; recovery data in legacy/
/ko/paddles/franklin-c45/,301,/ko/gear/paddles/#franklin-c45,Same model/model family now on category page
/ko/paddles/friday-fever-102/,404 / NOT REPUBLISHED,,Review this retirement before production; recovery data in legacy/
/ko/paddles/friday-original/,404 / NOT REPUBLISHED,,Review this retirement before production; recovery data in legacy/
/ko/paddles/gearbox-cx14/,404 / NOT REPUBLISHED,,Review this retirement before production; recovery data in legacy/
/ko/paddles/gearbox-pro-power-elongated/,301,/ko/gear/paddles/#gearbox-pro-ultimate,Same model/model family now on category page
/ko/paddles/head-radical-tour/,404 / NOT REPUBLISHED,,Review this retirement before production; recovery data in legacy/
/ko/paddles/hit-hand-cannon/,404 / NOT REPUBLISHED,,Review this retirement before production; recovery data in legacy/
/ko/paddles/joola-agassi-pro-v/,404 / NOT REPUBLISHED,,Review this retirement before production; recovery data in legacy/
/ko/paddles/joola-ben-johns-perseus/,404 / NOT REPUBLISHED,,Review this retirement before production; recovery data in legacy/
/ko/paddles/joola-kosmos-pro-v/,404 / NOT REPUBLISHED,,Review this retirement before production; recovery data in legacy/
/ko/paddles/joola-perseus-pro-v/,301,/ko/gear/paddles/#joola-perseus-pro-v,Same model/model family now on category page
/ko/paddles/joola-scorpeus-pro-v/,404 / NOT REPUBLISHED,,Review this retirement before production; recovery data in legacy/
/ko/paddles/joola-scorpeus/,404 / NOT REPUBLISHED,,Review this retirement before production; recovery data in legacy/
/ko/paddles/onix-evoke-premier/,404 / NOT REPUBLISHED,,Review this retirement before production; recovery data in legacy/
/ko/paddles/paddletek-bantam-tko-c/,301,/ko/gear/paddles/#paddletek-tko-c,Same model/model family now on category page
/ko/paddles/paddletek-bantam-tko-cx/,404 / NOT REPUBLISHED,,Review this retirement before production; recovery data in legacy/
/ko/paddles/paddletek-tempest-wave-pro/,404 / NOT REPUBLISHED,,Review this retirement before production; recovery data in legacy/
/ko/paddles/pikkl-hurricane-pro/,404 / NOT REPUBLISHED,,Review this retirement before production; recovery data in legacy/
/ko/paddles/prokennex-black-ace-pro/,404 / NOT REPUBLISHED,,Review this retirement before production; recovery data in legacy/
/ko/paddles/proxr-riley-newman-pro/,404 / NOT REPUBLISHED,,Review this retirement before production; recovery data in legacy/
/ko/paddles/rpm-friction-pro-v2/,404 / NOT REPUBLISHED,,Review this retirement before production; recovery data in legacy/
/ko/paddles/selkirk-luxx-control-air/,404 / NOT REPUBLISHED,,Review this retirement before production; recovery data in legacy/
/ko/paddles/selkirk-omni/,404 / NOT REPUBLISHED,,Review this retirement before production; recovery data in legacy/
/ko/paddles/selkirk-power-air/,404 / NOT REPUBLISHED,,Review this retirement before production; recovery data in legacy/
/ko/paddles/selkirk-project-boomstik/,301,/ko/gear/paddles/#selkirk-boomstik,Same model/model family now on category page
/ko/paddles/six-zero-double-black-diamond-control/,301,/ko/gear/paddles/#six-zero-dbd,Same model/model family now on category page
/ko/paddles/six-zero-ruby/,301,/ko/gear/paddles/#six-zero-ruby,Same model/model family now on category page
/ko/paddles/updates/,404 / NOT REPUBLISHED,,Review this retirement before production; recovery data in legacy/
/ko/paddles/vatic-pro-prism-flash/,301,/ko/gear/paddles/#vatic-prism-flash,Same model/model family now on category page
/ko/paddles/vatic-pro-saga/,404 / NOT REPUBLISHED,,Review this retirement before production; recovery data in legacy/
/ko/paddles/volair-mach-2-forza/,301,/ko/gear/paddles/#volair-mach-2-forza,Same model/model family now on category page
/ko/pickleball-3-0-to-3-5-improvement-plan/,404 / NOT REPUBLISHED,,Review this retirement before production; recovery data in legacy/
/ko/pickleball-3-5-to-4-0-habits-to-fix/,404 / NOT REPUBLISHED,,Review this retirement before production; recovery data in legacy/
/ko/pickleball-30-vs-35-what-actually-changes/,404 / NOT REPUBLISHED,,Review this retirement before production; recovery data in legacy/
/ko/pickleball-complete-beginner-guide/,301,/ko/learn/first-session-plan/,Equivalent revised page
/ko/pickleball-paddles-for-tennis-players/,404 / NOT REPUBLISHED,,Review this retirement before production; recovery data in legacy/
/ko/pickleball-rules-at-a-glance/,404 / NOT REPUBLISHED,,Review this retirement before production; recovery data in legacy/
/ko/players/,301,/ko/tour/players/,Equivalent revised page
/ko/players/anna-bright/,301,/ko/tour/players/#anna-bright,Same named player in the revised directory
/ko/players/anna-leigh-waters/,301,/ko/tour/players/#anna-leigh-waters,Same named player in the revised directory
/ko/players/ben-johns/,301,/ko/tour/players/#ben-johns,Same named player in the revised directory
/ko/players/catherine-parenteau/,301,/ko/tour/players/#catherine-parenteau,Same named player in the revised directory
/ko/players/christian-alshon/,301,/ko/tour/players/#christian-alshon,Same named player in the revised directory
/ko/players/ella-oh/,301,/ko/tour/players/#ella-oh,Same named player in the revised directory
/ko/players/federico-staksrud/,301,/ko/tour/players/#federico-staksrud,Same named player in the revised directory
/ko/players/gabriel-tardio/,301,/ko/tour/players/#gabriel-tardio,Same named player in the revised directory
/ko/players/hayden-patriquin/,301,/ko/tour/players/#hayden-patriquin,Same named player in the revised directory
/ko/players/hunter-johnson/,301,/ko/tour/players/#hunter-johnson,Same named player in the revised directory
/ko/players/hurricane-tyra-black/,301,/ko/tour/players/#hurricane-tyra-black,Same named player in the revised directory
/ko/players/james-ignatowich/,301,/ko/tour/players/#james-ignatowich,Same named player in the revised directory
/ko/players/jorja-johnson/,301,/ko/tour/players/#jorja-johnson,Same named player in the revised directory
/ko/players/jw-johnson/,301,/ko/tour/players/#jw-johnson,Same named player in the revised directory
/ko/players/kate-fahey/,301,/ko/tour/players/#kate-fahey,Same named player in the revised directory
/ko/players/lea-jansen/,301,/ko/tour/players/#lea-jansen,Same named player in the revised directory
/ko/players/lucy-kovalova/,301,/ko/tour/players/#lucy-kovalova,Same named player in the revised directory
/ko/players/rachel-rohrabacher/,301,/ko/tour/players/#rachel-rohrabacher,Same named player in the revised directory
/ko/players/riley-newman/,301,/ko/tour/players/#riley-newman,Same named player in the revised directory
/ko/players/tyson-mcguffin/,301,/ko/tour/players/#tyson-mcguffin,Same named player in the revised directory
/ko/privacy/,REBUILT,/ko/privacy/,New source-led page
/ko/pro-scene/,301,/ko/tour/,Equivalent revised page
/ko/pro-scene/players/,301,/ko/tour/players/,Equivalent revised page
/ko/pro-scene/rankings/,301,/ko/tour/rankings/,Equivalent revised page
/ko/pro-scene/rankings/men-doubles/,301,/ko/tour/rankings/#md,Replaced unsupported values; provider now explicitly labeled
/ko/pro-scene/rankings/men-singles/,301,/ko/tour/rankings/#ms,Replaced unsupported values; provider now explicitly labeled
/ko/pro-scene/rankings/mixed-doubles/,301,/ko/tour/rankings/#xd,Replaced unsupported values; provider now explicitly labeled
/ko/pro-scene/rankings/women-doubles/,301,/ko/tour/rankings/#wd,Replaced unsupported values; provider now explicitly labeled
/ko/pro-scene/rankings/women-singles/,301,/ko/tour/rankings/#ws,Replaced unsupported values; provider now explicitly labeled
/ko/pro-scene/results/,301,/ko/tour/results/,Equivalent revised page
/ko/pro-scene/rules/,404 / NOT REPUBLISHED,,Review this retirement before production; recovery data in legacy/
/ko/pro-scene/storylines/,404 / NOT REPUBLISHED,,Review this retirement before production; recovery data in legacy/
/ko/serve-and-return-basics/,404 / NOT REPUBLISHED,,Review this retirement before production; recovery data in legacy/
/ko/sitemap/,REBUILT,/ko/sitemap/,New source-led page
/ko/terms/,REBUILT,/ko/terms/,New source-led page
/ko/the-brief/,404 / NOT REPUBLISHED,,Review this retirement before production; recovery data in legacy/
/ko/the-kitchen-non-volley-zone-explained/,404 / NOT REPUBLISHED,,Review this retirement before production; recovery data in legacy/
/ko/the-third-shot-drop-explained/,404 / NOT REPUBLISHED,,Review this retirement before production; recovery data in legacy/
/ko/third-shot-drop-or-drive-how-to-choose/,404 / NOT REPUBLISHED,,Review this retirement before production; recovery data in legacy/
/ko/tools/paddle-finder/,404 / NOT REPUBLISHED,,Review this retirement before production; recovery data in legacy/
/ko/tournaments/,301,/ko/tour/schedule/,Equivalent revised page
/ko/tournaments/carvana-mesa-cup-2026/,404 / NOT REPUBLISHED,,Review this retirement before production; recovery data in legacy/
/ko/tournaments/international/,404 / NOT REPUBLISHED,,Review this retirement before production; recovery data in legacy/
/ko/tournaments/macon-ppa-challenger-2026/,404 / NOT REPUBLISHED,,Review this retirement before production; recovery data in legacy/
/ko/tournaments/mlp-chicago-2026/,404 / NOT REPUBLISHED,,Review this retirement before production; recovery data in legacy/
/ko/tournaments/mlp-finals-new-york-city-2026/,301,/ko/tour/results/mlp-finals-2026/,"Same named tournament, newly checked result"
/ko/tournaments/mlp-mid-season-grand-rapids-2026/,404 / NOT REPUBLISHED,,Review this retirement before production; recovery data in legacy/
/ko/tournaments/mlp-nations-cup-dallas-2026/,404 / NOT REPUBLISHED,,Review this retirement before production; recovery data in legacy/
/ko/tournaments/mlp-newport-beach-2026/,404 / NOT REPUBLISHED,,Review this retirement before production; recovery data in legacy/
/ko/tournaments/mlp-orlando-2026/,404 / NOT REPUBLISHED,,Review this retirement before production; recovery data in legacy/
/ko/tournaments/mlp-playoffs-dallas-2026/,404 / NOT REPUBLISHED,,Review this retirement before production; recovery data in legacy/
/ko/tournaments/mlp-san-diego-2026/,404 / NOT REPUBLISHED,,Review this retirement before production; recovery data in legacy/
/ko/tournaments/mlp/,404 / NOT REPUBLISHED,,Review this retirement before production; recovery data in legacy/
/ko/tournaments/ppa-arizona-open-2026/,301,/ko/tour/results/arizona-2026/,"Same named tournament, newly checked result"
/ko/tournaments/ppa-asia-kuala-lumpur-cup-2026/,301,/ko/tour/results/kuala-lumpur-2026/,"Same named tournament, newly checked result"
/ko/tournaments/ppa-asia-shenzhen-open-2026/,404 / NOT REPUBLISHED,,Review this retirement before production; recovery data in legacy/
/ko/tournaments/ppa-asia-singapore-open-2026/,404 / NOT REPUBLISHED,,Review this retirement before production; recovery data in legacy/
/ko/tournaments/ppa-australia-melbourne-2026/,404 / NOT REPUBLISHED,,Review this retirement before production; recovery data in legacy/
/ko/tournaments/ppa-finals-2026/,404 / NOT REPUBLISHED,,Review this retirement before production; recovery data in legacy/
/ko/tournaments/ppa-indoor-national-championships-2026/,404 / NOT REPUBLISHED,,Review this retirement before production; recovery data in legacy/
/ko/tournaments/ppa-italy-portoroz-2026/,404 / NOT REPUBLISHED,,Review this retirement before production; recovery data in legacy/
/ko/tournaments/ppa-nationals-cary-2026/,404 / NOT REPUBLISHED,,Review this retirement before production; recovery data in legacy/
/ko/tournaments/ppa/,404 / NOT REPUBLISHED,,Review this retirement before production; recovery data in legacy/
/ko/tournaments/results/,301,/ko/tour/results/,Equivalent revised page
/ko/tournaments/us/,404 / NOT REPUBLISHED,,Review this retirement before production; recovery data in legacy/
/ko/tournaments/veolia-atlanta-2026/,404 / NOT REPUBLISHED,,Review this retirement before production; recovery data in legacy/
/ko/tournaments/zimmer-biomet-cape-coral-open-2026/,404 / NOT REPUBLISHED,,Review this retirement before production; recovery data in legacy/
/ko/updates/,404 / NOT REPUBLISHED,,Review this retirement before production; recovery data in legacy/
/ko/updates/news/,404 / NOT REPUBLISHED,,Review this retirement before production; recovery data in legacy/
/ko/updates/players/,404 / NOT REPUBLISHED,,Review this retirement before production; recovery data in legacy/
/ko/updates/rules/,404 / NOT REPUBLISHED,,Review this retirement before production; recovery data in legacy/
/ko/vision-rating/,302,/ko/tools/review/,Temporary public-feature reduction; worksheet is not an MP4 editor or AI rating
/ko/what-does-a-dupr-2-5-player-look-like/,404 / NOT REPUBLISHED,,Review this retirement before production; recovery data in legacy/
/ko/what-does-a-dupr-3-0-player-look-like/,404 / NOT REPUBLISHED,,Review this retirement before production; recovery data in legacy/
/ko/what-is-dupr/,404 / NOT REPUBLISHED,,Review this retirement before production; recovery data in legacy/
/ko/what-to-know-before-buying-an-expensive-pickleball-paddle/,404 / NOT REPUBLISHED,,Review this retirement before production; recovery data in legacy/
/ko/who-takes-the-middle-ball-in-doubles-pickleball/,404 / NOT REPUBLISHED,,Review this retirement before production; recovery data in legacy/
/ko/why-court-shoes-matter/,404 / NOT REPUBLISHED,,Review this retirement before production; recovery data in legacy/
/ko/why-your-dupr-is-lower-than-expected/,404 / NOT REPUBLISHED,,Review this retirement before production; recovery data in legacy/
/picklary-lite/,404 / NOT REPUBLISHED,,Review this retirement before production; recovery data in legacy/
/picklary-lite/en/,404 / NOT REPUBLISHED,,Review this retirement before production; recovery data in legacy/
/picklary-lite/ko/,404 / NOT REPUBLISHED,,Review this retirement before production; recovery data in legacy/
